{"cameraMode":{"drawMode":0,"name":"Shaded","section":"Shading Mode"},"sceneLighting":false,"audioPlay":false,"sceneViewState":{"m_AlwaysRefresh":false,"showFog":true,"showSkybox":false,"showFlares":true,"showImageEffects":true,"showParticleSystems":true,"showVisualEffectGraphs":true,"m_FxEnabled":true},"in2DMode":false,"pivot":{"x":-0.9196676015853882,"y":0.6774845719337463,"z":0.00044576823711395264},"rotation":{"x":0.08554474264383316,"y":0.05854986608028412,"z":-0.005036398768424988,"w":0.9946032762527466},"size":1.3166104555130005,"orthographic":false}