{"cameraMode":{"drawMode":0,"name":"Shaded","section":"Shading Mode"},"sceneLighting":false,"audioPlay":false,"sceneViewState":{"m_AlwaysRefresh":false,"showFog":true,"showSkybox":false,"showFlares":true,"showImageEffects":true,"showParticleSystems":true,"showVisualEffectGraphs":true,"m_FxEnabled":true},"in2DMode":false,"pivot":{"x":1.4124833345413209,"y":9.483161926269532,"z":30.986846923828126},"rotation":{"x":-0.0009318275842815638,"y":-0.9872470498085022,"z":0.15921719372272492,"w":-0.005628063343465328},"size":0.6024658679962158,"orthographic":false}