{"cameraMode":{"drawMode":0,"name":"Shaded","section":"Shading Mode"},"sceneLighting":false,"audioPlay":false,"sceneViewState":{"m_AlwaysRefresh":false,"showFog":true,"showSkybox":false,"showFlares":true,"showImageEffects":true,"showParticleSystems":true,"showVisualEffectGraphs":true,"m_FxEnabled":true},"in2DMode":false,"pivot":{"x":108.45001220703125,"y":-6.9770002365112309,"z":196.06398010253907},"rotation":{"x":0.18593764305114747,"y":0.23901547491550446,"z":-0.0466771125793457,"w":0.9519222378730774},"size":6.062177658081055,"orthographic":false}